[
  {
    "id": "52cfba71-7a27-4f59-ad35-92b2da040f01",
    "data": [
      {
        "text": "somos una ",
        "userDefined": false
      },
      {
        "text": "empresa",
        "alias": "EntityTipo",
        "meta": "@EntityTipo",
        "userDefined": true
      }
    ],
    "isTemplate": false,
    "count": 0,
    "updated": 0
  },
  {
    "id": "3fdb6e7a-c332-404c-97a7-8b8fb6236bba",
    "data": [
      {
        "text": "Si",
        "alias": "EntityFirstTime",
        "meta": "@EntityFirstTime",
        "userDefined": true
      },
      {
        "text": ", es la primera vez que ingreso",
        "userDefined": false
      }
    ],
    "isTemplate": false,
    "count": 0,
    "updated": 0
  },
  {
    "id": "0bf4563d-37f8-4135-98ee-f982a4eebb7d",
    "data": [
      {
        "text": "No",
        "alias": "EntityFirstTime",
        "meta": "@EntityFirstTime",
        "userDefined": true
      },
      {
        "text": ", ya he realizado varias",
        "userDefined": false
      }
    ],
    "isTemplate": false,
    "count": 0,
    "updated": 0
  },
  {
    "id": "e94d37c5-3af5-4937-9956-b8064bacb81f",
    "data": [
      {
        "text": "mi correo es ",
        "userDefined": false
      },
      {
        "text": "ymcr@gmail.com",
        "alias": "email",
        "meta": "@sys.email",
        "userDefined": true
      }
    ],
    "isTemplate": false,
    "count": 0,
    "updated": 0
  },
  {
    "id": "0b12eb11-0218-49a7-b8ed-c45e32931fe6",
    "data": [
      {
        "text": "necesito ",
        "userDefined": false
      },
      {
        "text": "5",
        "alias": "number",
        "meta": "@sys.number",
        "userDefined": false
      },
      {
        "text": " boletas",
        "userDefined": false
      }
    ],
    "isTemplate": false,
    "count": 0,
    "updated": 0
  },
  {
    "id": "207a06d9-d193-4232-aca1-45596c0f254e",
    "data": [
      {
        "text": "Mi nombre es ",
        "userDefined": false
      },
      {
        "text": "yurany",
        "alias": "given-name",
        "meta": "@sys.given-name",
        "userDefined": true
      }
    ],
    "isTemplate": false,
    "count": 0,
    "updated": 0
  },
  {
    "id": "7873f259-9b9a-4f19-a2cd-e762d665af8b",
    "data": [
      {
        "text": "quiero hacer una reserva",
        "userDefined": false
      }
    ],
    "isTemplate": false,
    "count": 0,
    "updated": 0
  },
  {
    "id": "1b99148e-2ecc-458b-902f-8e885c88cf22",
    "data": [
      {
        "text": "Hola, estoy buscando una reserva",
        "userDefined": false
      }
    ],
    "isTemplate": false,
    "count": 0,
    "updated": 0
  },
  {
    "id": "ca901fb0-079c-4bea-9f20-f177765cd6b2",
    "data": [
      {
        "text": "Hola, quiero hacer una reserva",
        "userDefined": false
      }
    ],
    "isTemplate": false,
    "count": 0,
    "updated": 0
  }
]