[
  {
    "id": "a078c330-6eb4-4cd4-a900-a3b030b8ea54",
    "data": [
      {
        "text": "somos una ",
        "userDefined": false
      },
      {
        "text": "empresa",
        "alias": "EntityTipo",
        "meta": "@EntityTipo",
        "userDefined": true
      }
    ],
    "isTemplate": false,
    "count": 0,
    "updated": 0
  },
  {
    "id": "bca27ed3-597d-446c-acab-4c5b3ac067cb",
    "data": [
      {
        "text": "Si",
        "alias": "EntityFirstTime",
        "meta": "@EntityFirstTime",
        "userDefined": true
      },
      {
        "text": ", es la primera vez que ingreso",
        "userDefined": false
      }
    ],
    "isTemplate": false,
    "count": 0,
    "updated": 0
  },
  {
    "id": "32972094-cb9c-439e-b2e3-d148a8ca5707",
    "data": [
      {
        "text": "No",
        "alias": "EntityFirstTime",
        "meta": "@EntityFirstTime",
        "userDefined": true
      },
      {
        "text": ", ya he realizado varias",
        "userDefined": false
      }
    ],
    "isTemplate": false,
    "count": 0,
    "updated": 0
  },
  {
    "id": "a33632ad-2651-4254-8706-2978a5c43d1d",
    "data": [
      {
        "text": "mi correo es ",
        "userDefined": false
      },
      {
        "text": "ymcr@gmail.com",
        "alias": "email",
        "meta": "@sys.email",
        "userDefined": true
      }
    ],
    "isTemplate": false,
    "count": 0,
    "updated": 0
  },
  {
    "id": "43944a18-da5f-4239-9300-c622ac418e89",
    "data": [
      {
        "text": "necesito ",
        "userDefined": false
      },
      {
        "text": "5",
        "alias": "number",
        "meta": "@sys.number",
        "userDefined": false
      },
      {
        "text": " boletas",
        "userDefined": false
      }
    ],
    "isTemplate": false,
    "count": 0,
    "updated": 0
  },
  {
    "id": "207a06d9-d193-4232-aca1-45596c0f254e",
    "data": [
      {
        "text": "Mi nombre es ",
        "userDefined": false
      },
      {
        "text": "yurany",
        "alias": "given-name",
        "meta": "@sys.given-name",
        "userDefined": true
      }
    ],
    "isTemplate": false,
    "count": 0,
    "updated": 0
  },
  {
    "id": "7873f259-9b9a-4f19-a2cd-e762d665af8b",
    "data": [
      {
        "text": "quiero hacer una reserva",
        "userDefined": false
      }
    ],
    "isTemplate": false,
    "count": 0,
    "updated": 0
  },
  {
    "id": "1b99148e-2ecc-458b-902f-8e885c88cf22",
    "data": [
      {
        "text": "Hola, estoy buscando una reserva",
        "userDefined": false
      }
    ],
    "isTemplate": false,
    "count": 0,
    "updated": 0
  },
  {
    "id": "ca901fb0-079c-4bea-9f20-f177765cd6b2",
    "data": [
      {
        "text": "Hola, quiero hacer una reserva",
        "userDefined": false
      }
    ],
    "isTemplate": false,
    "count": 0,
    "updated": 0
  }
]