[
  {
    "id": "f0a09a24-c920-4aee-ad68-4c6e73fba806",
    "data": [
      {
        "text": "mi correo es ",
        "userDefined": false
      },
      {
        "text": "ymcr@gmail.com",
        "alias": "email",
        "meta": "@sys.email",
        "userDefined": true
      }
    ],
    "isTemplate": false,
    "count": 0,
    "updated": 0
  },
  {
    "id": "52143c67-bab5-4297-b085-f78d8f7e82ac",
    "data": [
      {
        "text": "necesito ",
        "userDefined": false
      },
      {
        "text": "5",
        "alias": "number",
        "meta": "@sys.number",
        "userDefined": false
      },
      {
        "text": " boletas",
        "userDefined": false
      }
    ],
    "isTemplate": false,
    "count": 0,
    "updated": 0
  },
  {
    "id": "207a06d9-d193-4232-aca1-45596c0f254e",
    "data": [
      {
        "text": "Mi nombre es ",
        "userDefined": false
      },
      {
        "text": "yurany",
        "alias": "given-name",
        "meta": "@sys.given-name",
        "userDefined": true
      }
    ],
    "isTemplate": false,
    "count": 0,
    "updated": 0
  },
  {
    "id": "7873f259-9b9a-4f19-a2cd-e762d665af8b",
    "data": [
      {
        "text": "quiero hacer una reserva",
        "userDefined": false
      }
    ],
    "isTemplate": false,
    "count": 0,
    "updated": 0
  },
  {
    "id": "1b99148e-2ecc-458b-902f-8e885c88cf22",
    "data": [
      {
        "text": "Hola, estoy buscando una reserva",
        "userDefined": false
      }
    ],
    "isTemplate": false,
    "count": 0,
    "updated": 0
  },
  {
    "id": "ca901fb0-079c-4bea-9f20-f177765cd6b2",
    "data": [
      {
        "text": "Hola, quiero hacer una reserva",
        "userDefined": false
      }
    ],
    "isTemplate": false,
    "count": 0,
    "updated": 0
  }
]